Year,State,State Name,Population,Total Arrests,Arrests per Capita,Larceny - Theft,Vehicle Theft,Arson,Burglary,Embezzlement,Forgery and Counterfeiting,Fraud,Vandalism,Dealing in Stolen Property
2010,AL,Alabama,4921532,26725,543.0219696,12691,658,108,2183,163,1178,6370,1878,1496
2011,AL,Alabama,4921532,590,11.98813703,509,5,0,17,16,4,9,10,20
2012,AL,Alabama,4921532,559,11.35825186,462,3,0,24,20,6,22,4,18
2013,AL,Alabama,4921532,759,15.42202712,670,2,1,11,17,7,15,6,30
2014,AL,Alabama,4921532,1065,21.63960328,877,10,1,36,13,18,59,15,36
2015,AL,Alabama,4921532,29536,600.1383309,16607,736,93,3031,250,1195,4139,1506,1979
2016,AL,Alabama,4921532,28603,581.1808193,15174,929,108,3191,194,1416,3845,1641,2105
2017,AL,Alabama,4921532,25436,516.830938,13959,877,104,2880,152,1109,2819,1256,2280
2018,AL,Alabama,4921532,25581,519.7771751,14513,994,110,2809,150,983,2611,1234,2177
2019,AL,Alabama,4921532,23120,469.7724205,13555,920,88,2198,140,846,2309,1183,1881
2020,AL,Alabama,4921532,695,14.12161904,435,20,3,65,7,34,56,29,46
2010,AK,Alaska,731158,5382,736.0926093,3145,280,33,488,96,118,283,904,35
2011,AK,Alaska,731158,5191,709.9696646,3107,278,44,427,102,64,245,896,28
2012,AK,Alaska,731158,4715,644.8674568,3055,203,35,309,104,63,158,770,18
2013,AK,Alaska,731158,5122,700.5325798,3461,215,66,264,87,49,172,776,32
2014,AK,Alaska,731158,4528,619.2915895,2824,204,141,282,62,77,182,732,24
2015,AK,Alaska,731158,4744,648.8337678,2540,361,67,485,72,39,230,898,52
2016,AK,Alaska,731158,5014,685.7614907,2401,505,51,538,81,96,236,1024,82
2017,AK,Alaska,731158,5213,712.9785901,2356,694,22,623,77,113,219,1004,105
2018,AK,Alaska,731158,5395,737.8706107,2392,726,43,602,54,154,201,1103,120
2019,AK,Alaska,731158,4507,616.4194333,1885,476,49,603,43,78,121,1161,91
2020,AK,Alaska,731158,3812,521.3647392,1545,338,42,471,35,53,199,1063,66
2010,AZ,Arizona,7421401,57272,771.7141278,34257,1494,209,4381,217,1959,2102,11488,1165
2011,AZ,Arizona,7421401,56854,766.0817681,33932,1415,242,4644,200,1825,2128,11219,1249
2012,AZ,Arizona,7421401,55917,753.4561197,32925,1591,650,4436,213,1689,2328,10782,1303
2013,AZ,Arizona,7421401,59330,799.444741,36533,1628,218,4320,201,1531,2298,11341,1260
2014,AZ,Arizona,7421401,58001,781.537071,36732,1602,208,3946,156,1157,2096,10915,1189
2015,AZ,Arizona,7421401,42584,573.8000143,27115,1081,159,2743,140,715,1516,8148,967
2016,AZ,Arizona,7421401,53931,726.6956738,32711,1625,189,4077,363,1122,2050,10425,1369
2017,AZ,Arizona,7421401,52895,712.7360454,30433,1735,232,4251,457,1219,2142,10974,1452
2018,AZ,Arizona,7421401,49368,665.211326,27123,1794,417,3993,854,1164,2183,10704,1136
2019,AZ,Arizona,7421401,46165,622.0523591,26034,1570,180,3871,489,881,2188,9932,1020
2020,AZ,Arizona,7421401,39037,526.005804,21274,1684,218,3542,345,610,1467,8874,1023
2010,AR,Arkansas,3030522,22213,732.9760352,11430,345,63,2676,56,879,4125,1558,1081
2011,AR,Arkansas,3030522,22515,742.9413151,13399,357,68,2910,38,777,2464,1485,1017
2012,AR,Arkansas,3030522,22648,747.3299979,13910,377,53,2901,46,841,1932,1510,1078
2013,AR,Arkansas,3030522,21516,709.9766971,13558,368,57,2766,27,812,1586,1318,1024
2014,AR,Arkansas,3030522,20287,669.4226275,13088,420,50,2197,44,754,1288,1286,1160
2015,AR,Arkansas,3030522,21153,697.9985626,14066,379,74,2033,55,708,1181,1384,1273
2016,AR,Arkansas,3030522,19561,645.4663586,11760,509,47,2235,64,854,1134,1518,1440
2017,AR,Arkansas,3030522,17981,593.330126,9975,623,40,2138,60,859,918,1574,1794
2018,AR,Arkansas,3030522,19783,652.7918293,11560,652,69,2020,54,905,972,1669,1882
2019,AR,Arkansas,3030522,19841,654.705691,11541,619,65,1964,52,880,951,1908,1861
2020,AR,Arkansas,3030522,15387,507.7343111,8608,553,62,1702,29,618,625,1518,1672
2010,CA,California,39368078,216377,549.6255113,89557,13215,1168,52921,1283,7054,8594,25544,17041
2011,CA,California,39368078,201232,511.1552563,84090,10350,1047,52355,1100,6224,6998,21921,17147
2012,CA,California,39368078,200500,509.2958818,79896,13527,1079,52953,1094,5882,7324,18879,19866
2013,CA,California,39368078,190055,482.7642335,74234,13909,1091,50390,1053,5598,6722,17445,19613
2014,CA,California,39368078,182120,462.6083092,71440,13755,1053,48498,1047,5222,6551,17175,17379
2015,CA,California,39368078,173603,440.9740298,65064,17334,1187,44175,972,4867,6522,17154,16328
2016,CA,California,39368078,161335,409.8117261,54720,18521,1305,40808,955,5000,6324,17202,16500
2017,CA,California,39368078,153175,389.0842728,47080,19541,1573,38214,997,4449,6936,16962,17423
2018,CA,California,39368078,141270,358.844036,42468,18020,1529,35230,921,4118,6105,16652,16227
2019,CA,California,39368078,134707,342.1731688,40497,15240,1575,33741,988,3824,6863,16811,15168
2020,CA,California,39368078,113589,288.5307228,28350,16369,2051,26220,680,2753,5042,17493,14631
2010,CO,Colorado,5807719,33249,572.4967065,20246,1026,229,2624,114,805,2013,5498,694
2011,CO,Colorado,5807719,33490,576.6463563,20781,1158,247,2600,124,746,1809,5343,682
2012,CO,Colorado,5807719,32964,567.5894443,20952,1041,238,2282,116,702,1657,5174,802
2013,CO,Colorado,5807719,37148,639.6314973,24869,1345,197,2439,90,649,1769,5144,646
2014,CO,Colorado,5807719,40619,699.3967856,27892,1572,226,2686,92,587,1948,5297,319
2015,CO,Colorado,5807719,40513,697.5716284,26987,2172,185,2433,104,594,2191,5419,428
2016,CO,Colorado,5807719,41052,706.8523804,25805,2695,243,2667,109,738,2610,5649,536
2017,CO,Colorado,5807719,38158,657.0221459,22611,2879,287,2511,128,779,2643,5792,528
2018,CO,Colorado,5807719,37361,643.2990301,22069,2757,232,2504,117,781,2803,5490,608
2019,CO,Colorado,5807719,38290,659.2949831,22037,3175,223,2690,74,801,3010,5642,638
2020,CO,Colorado,5807719,31484,542.1061177,15939,3550,306,2806,45,529,1989,5593,727
2010,CT,Connecticut,3557006,23475,659.9651505,14233,656,154,2950,184,788,1413,2631,466
2011,CT,Connecticut,3557006,23269,654.173763,14383,623,171,2889,167,918,1319,2354,445
2012,CT,Connecticut,3557006,21007,590.5809549,12950,585,118,2716,167,620,1189,2213,449
2013,CT,Connecticut,3557006,19458,547.0330947,12344,574,400,2087,184,578,1020,1953,318
2014,CT,Connecticut,3557006,21345,600.0833285,13910,581,284,2407,165,686,977,2049,286
2015,CT,Connecticut,3557006,18481,519.5661745,12414,596,76,1877,159,594,842,1695,228
2016,CT,Connecticut,3557006,19304,542.7036108,12248,870,98,1965,167,565,929,2090,372
2017,CT,Connecticut,3557006,18964,533.1450102,11248,930,75,2040,147,676,944,2208,696
2018,CT,Connecticut,3557006,16850,473.7130047,10140,817,82,1681,147,600,979,1707,697
2019,CT,Connecticut,3557006,15525,436.4625755,9791,660,62,1474,134,474,866,1714,350
2020,CT,Connecticut,3557006,11592,325.8920564,6919,667,67,1146,75,294,563,1529,332
2010,DE,Delaware,986809,10985,1113.18401,5851,121,44,1178,185,489,1698,959,460
2011,DE,Delaware,986809,11427,1157.974846,6300,120,42,1061,188,580,1852,919,365
2012,DE,Delaware,986809,11980,1214.014059,6632,143,35,1244,188,498,1920,932,388
2013,DE,Delaware,986809,11440,1159.292224,6532,94,28,1020,203,401,1835,925,402
2014,DE,Delaware,986809,11601,1175.607438,6813,127,28,1043,204,272,1896,773,445
2015,DE,Delaware,986809,10880,1102.543653,6222,110,32,1006,216,315,1714,868,397
2016,DE,Delaware,986809,10835,1097.9835,5979,122,26,1063,198,291,1795,890,471
2017,DE,Delaware,986809,9650,977.8994719,5045,134,32,954,221,280,1830,751,403
2018,DE,Delaware,986809,8230,834.0013113,4538,115,22,704,163,216,1382,763,327
2019,DE,Delaware,986809,8528,864.1996577,4528,200,24,797,164,239,1335,863,378
2020,DE,Delaware,986809,6384,646.9337025,3327,159,18,643,92,122,827,850,346
2010,DC,,645634,208,32.21639505,102,30,1,0,0,5,18,42,10
2011,DC,,645634,238,36.86299049,169,10,0,0,0,2,17,29,11
2012,DC,,645634,274,42.43890501,218,9,0,0,0,2,4,27,14
2013,DC,,645634,159,24.62695583,101,6,0,0,1,13,2,28,8
2014,DC,,645634,195,30.20287036,119,8,1,0,0,12,3,38,14
2015,DC,,645634,157,24.3171828,100,7,0,0,4,1,0,31,14
2016,DC,,645634,208,32.21639505,123,10,0,0,0,1,9,43,22
2017,DC,,645634,191,29.5833243,100,5,0,1,0,2,8,54,21
2018,DC,,645634,142,21.99388508,77,9,1,0,0,3,3,35,14
2019,DC,,645634,219,33.92014671,127,1,0,0,0,2,2,46,41
2020,DC,,645634,154,23.85252326,73,11,0,1,0,0,2,48,19
2017,FL,Florida,21733312,113871,523.9468333,65969,8292,241,16513,1054,2030,11601,6333,1838
2018,FL,Florida,21733312,3572,16.43559896,2166,209,9,321,18,64,489,210,86
2019,FL,Florida,21733312,107224,493.3624475,64087,7776,252,13560,1047,1808,11226,5956,1512
2020,FL,Florida,21733312,83800,385.5832006,46556,7183,257,12565,653,1215,8230,5823,1318
2010,GA,Georgia,10710017,71200,664.7981978,39386,2206,241,8690,419,5113,7770,3773,3602
2011,GA,Georgia,10710017,72876,680.4470992,41740,2148,401,9596,406,4462,6295,4149,3679
2012,GA,Georgia,10710017,72454,676.5068627,43046,1822,218,8796,433,4446,5820,4340,3533
2013,GA,Georgia,10710017,67256,627.9728594,41239,1599,207,7328,532,3841,5371,3720,3419
2014,GA,Georgia,10710017,67418,629.4854621,41548,1687,223,7071,400,3641,5589,4072,3187
2015,GA,Georgia,10710017,54686,510.6060989,33676,1315,150,5501,303,3067,4761,3226,2687
2016,GA,Georgia,10710017,53143,496.1990256,31750,1597,185,5331,283,2828,3840,4073,3256
2017,GA,Georgia,10710017,49849,465.4427719,29492,1672,173,4735,325,2697,3483,3834,3438
2018,GA,Georgia,10710017,41872,390.9610974,25183,1243,139,3613,208,2083,2944,3681,2778
2019,GA,Georgia,10710017,20264,189.2060489,11876,519,92,1663,46,1124,1465,2047,1432
2020,GA,Georgia,10710017,19018,177.5720804,9955,753,110,1460,8,724,1715,2861,1432
2010,HI,Hawaii,1407006,7629,542.2151718,4842,514,33,671,83,167,423,747,149
2011,HI,Hawaii,1407006,7595,539.7986931,5079,483,41,678,36,141,308,729,100
2012,HI,Hawaii,1407006,7777,552.7339613,5234,513,31,695,49,140,307,675,133
2013,HI,Hawaii,1407006,2544,180.8094635,1676,241,12,346,6,28,62,159,14
2014,HI,Hawaii,1407006,2399,170.5038927,1523,267,7,357,4,31,45,149,16
2015,HI,Hawaii,1407006,6929,492.4641402,4253,684,43,676,49,137,320,628,139
2016,HI,Hawaii,1407006,5563,395.3785556,3365,389,36,636,32,140,265,570,130
2017,HI,Hawaii,1407006,4806,341.5763685,2878,423,23,436,14,81,150,387,414
2018,HI,Hawaii,1407006,4462,317.1272901,2588,416,34,440,8,78,166,282,450
2019,HI,Hawaii,1407006,4565,324.4477991,2685,401,44,437,1,83,131,333,450
2020,HI,Hawaii,1407006,3025,214.9955295,1571,224,45,342,4,35,115,215,474
2010,ID,Idaho,1826913,9285,508.2343823,5765,196,55,1070,70,228,474,1185,242
2011,ID,Idaho,1826913,10029,548.9588174,6462,201,56,1075,67,167,463,1277,261
2012,ID,Idaho,1826913,9286,508.2891194,5903,198,79,1076,50,164,433,1161,222
2013,ID,Idaho,1826913,8601,470.7941757,5473,183,60,1036,55,172,386,986,250
2014,ID,Idaho,1826913,8617,471.6699701,5468,213,63,1012,64,129,381,1054,233
2015,ID,Idaho,1826913,8584,469.8636443,5427,219,66,1011,49,118,369,1023,302
2016,ID,Idaho,1826913,7548,413.1559631,4693,222,48,917,50,134,328,884,272
2017,ID,Idaho,1826913,7482,409.5433116,4584,242,54,958,51,150,323,892,228
2018,ID,Idaho,1826913,7056,386.2252882,4277,200,58,866,43,143,367,875,227
2019,ID,Idaho,1826913,6310,345.3913788,3825,194,48,764,41,105,357,797,179
2020,ID,Idaho,1826913,4833,264.5446171,2625,149,46,607,34,59,404,733,176
2010,IL,Illinois,12587530,23683,188.1465228,13171,3118,59,2719,1,246,283,4039,47
2011,IL,Illinois,12587530,23345,185.4613256,13668,2610,61,2565,0,222,235,3901,83
2012,IL,Illinois,12587530,22361,177.6440652,13578,2387,67,2336,1,174,221,3506,91
2013,IL,Illinois,12587530,20312,161.3660504,12287,2487,58,1928,1,188,200,3090,73
2014,IL,Illinois,12587530,18388,146.0810818,10656,2545,74,1673,0,214,267,2885,74
2015,IL,Illinois,12587530,16005,127.1496473,8831,2986,65,1318,0,173,225,2332,75
2016,IL,Illinois,12587530,15062,119.6581061,8041,3505,67,987,0,127,182,2065,88
2017,IL,Illinois,12587530,14093,111.9600112,7581,3113,58,876,1,106,227,2068,63
2018,IL,Illinois,12587530,17976,142.8080013,9497,4267,63,1008,0,124,247,2684,86
2019,IL,Illinois,12587530,1006,7.992036563,453,12,16,74,0,16,33,312,90
2020,IL,Illinois,12587530,864,6.863935975,355,13,17,49,0,5,27,341,57
2010,IN,Indiana,6754953,26512,392.4823755,17538,690,101,2936,6,1090,1472,1769,910
2011,IN,Indiana,6754953,36294,537.294634,24500,1528,134,4223,21,1145,1699,2011,1033
2012,IN,Indiana,6754953,28229,417.9007611,18940,1084,129,3160,79,698,1450,1888,801
2013,IN,Indiana,6754953,66749,988.1489923,38613,21074,113,2641,146,809,1105,1501,747
2014,IN,Indiana,6754953,27506,407.1975038,19150,1277,102,2494,130,880,1368,1401,704
2015,IN,Indiana,6754953,26763,396.1981675,18273,1431,89,2349,145,914,1614,1372,576
2016,IN,Indiana,6754953,26185,387.6414832,16829,1677,110,2275,205,1374,1709,1446,560
2017,IN,Indiana,6754953,20878,309.0769099,13052,1602,66,1901,271,1149,1473,1078,286
2018,IN,Indiana,6754953,18968,280.8013616,11489,1505,76,1750,210,987,1553,1107,291
2019,IN,Indiana,6754953,15857,234.7462669,9810,1149,93,1433,135,774,1321,782,360
2020,IN,Indiana,6754953,10966,162.3401377,6687,944,53,1093,79,530,685,514,381
2010,IA,Iowa,3163561,18844,595.6578678,11835,402,126,1986,100,491,881,2839,184
2011,IA,Iowa,3163561,19024,601.3476585,12303,400,137,2015,72,529,794,2583,191
2012,IA,Iowa,3163561,18177,574.5740322,11791,362,128,1927,95,565,785,2270,254
2013,IA,Iowa,3163561,19381,612.6324101,13165,462,143,1809,76,588,777,2113,248
2014,IA,Iowa,3163561,18933,598.4711532,13001,400,111,1533,74,519,771,2312,212
2015,IA,Iowa,3163561,19123,604.4770434,12931,507,126,1788,84,591,756,2140,200
2016,IA,Iowa,3163561,17483,552.636728,11214,543,91,1648,83,605,773,2342,184
2017,IA,Iowa,3163561,17317,547.3894766,10806,637,101,1737,79,746,815,2165,231
2018,IA,Iowa,3163561,13322,421.1077327,8411,560,84,1133,56,454,633,1766,225
2019,IA,Iowa,3163561,15963,504.5896065,9920,655,98,1547,56,568,684,2166,269
2020,IA,Iowa,3163561,12583,397.7479808,7013,654,110,1476,40,404,461,2139,286
2010,KS,Kansas,2913805,11626,398.9971875,6059,357,74,1045,169,465,1261,1886,310
2011,KS,Kansas,2913805,11611,398.4823967,6291,395,70,1030,169,427,1017,1911,301
2012,KS,Kansas,2913805,11993,411.5924024,6513,443,57,1052,200,409,956,2032,331
2013,KS,Kansas,2913805,11303,387.9120257,6016,388,55,889,203,379,951,2039,383
2014,KS,Kansas,2913805,9627,330.3927339,5039,411,57,826,158,263,674,1822,377
2015,KS,Kansas,2913805,9614,329.9465819,5277,363,55,752,162,230,643,1739,393
2016,KS,Kansas,2913805,8864,304.207042,4536,394,56,653,149,230,528,1691,627
2017,KS,Kansas,2913805,8411,288.6603599,3983,423,51,624,111,264,598,1748,609
2018,KS,Kansas,2913805,2245,77.04702271,955,93,16,156,33,87,340,384,181
2019,KS,Kansas,2913805,7289,250.1540082,3354,336,57,502,55,198,425,1787,575
2020,KS,Kansas,2913805,7887,270.6770014,3831,379,55,502,28,182,386,1875,649
2010,KY,Kentucky,4477251,23207,518.3314494,13606,443,84,3543,335,1516,871,1034,1775
2011,KY,Kentucky,4477251,26151,584.0860832,15560,614,146,3944,353,1253,1188,1252,1841
2012,KY,Kentucky,4477251,27482,613.8141462,16961,688,186,4100,454,1140,1001,1142,1810
2013,KY,Kentucky,4477251,28416,634.6751612,18195,625,172,3762,452,1081,1084,1104,1941
2014,KY,Kentucky,4477251,29070,649.2823386,18913,645,147,3570,507,1053,1174,1113,1948
2015,KY,Kentucky,4477251,27059,604.3663846,17125,694,78,3261,487,1025,1150,1078,2161
2016,KY,Kentucky,4477251,24770,553.2412634,14393,895,53,3052,457,1057,1056,1148,2659
2017,KY,Kentucky,4477251,24843,554.8717282,13495,953,69,3032,415,1157,1467,1198,3057
2018,KY,Kentucky,4477251,25633,572.5164839,13589,1046,127,2954,414,1381,1755,1256,3111
2019,KY,Kentucky,4477251,23882,533.4076647,12567,1033,170,2776,368,1106,1469,1430,2963
2020,KY,Kentucky,4477251,13368,298.5760682,6535,712,65,2006,273,477,779,963,1558
2010,LA,Louisiana,4645318,28871,621.507505,18014,688,102,3811,159,632,1884,2302,1279
2011,LA,Louisiana,4645318,25659,552.3626154,15465,578,122,3782,24,365,1411,2540,1372
2012,LA,Louisiana,4645318,31558,679.3506925,20467,631,107,4469,33,421,1406,2565,1459
2013,LA,Louisiana,4645318,35063,754.8030081,23168,847,100,4389,160,666,1648,2802,1283
2014,LA,Louisiana,4645318,26604,572.7056791,16971,751,72,3657,102,558,1178,2098,1217
2015,LA,Louisiana,4645318,41961,903.2966096,27660,1239,112,5118,134,673,1387,3384,2254
2016,LA,Louisiana,4645318,42294,910.4651178,26271,1438,136,5690,172,798,1498,3906,2385
2017,LA,Louisiana,4645318,33398,718.9604673,19940,1384,105,4716,71,654,1218,3073,2237
2018,LA,Louisiana,4645318,41621,895.9774121,25073,1694,110,5828,140,769,1339,3536,3132
2019,LA,Louisiana,4645318,37815,814.0454539,22860,1514,148,5258,131,690,1167,3398,2649
2020,LA,Louisiana,4645318,29292,630.5703937,17004,1122,85,4070,83,427,997,3098,2406
2010,ME,Maine,1350141,10874,805.3973622,6207,234,103,1491,45,318,744,1522,210
2011,ME,Maine,1350141,11024,816.5073129,6378,305,77,1399,56,368,755,1488,198
2012,ME,Maine,1350141,10939,810.2116742,6626,264,76,1304,55,284,659,1472,199
2013,ME,Maine,1350141,10188,754.5878542,6364,251,46,1099,43,271,672,1255,187
2014,ME,Maine,1350141,9554,707.6297957,6125,222,42,910,60,232,646,1167,150
2015,ME,Maine,1350141,8472,627.4900177,5368,235,29,854,46,253,564,1013,110
2016,ME,Maine,1350141,7676,568.5332125,4709,207,77,683,69,229,558,1052,92
2017,ME,Maine,1350141,7501,555.5716033,4685,226,60,608,41,198,522,1068,93
2018,ME,Maine,1350141,7354,544.6838515,4623,235,45,562,48,209,482,1034,116
2019,ME,Maine,1350141,6700,496.2444663,4280,199,46,505,41,146,403,981,99
2020,ME,Maine,1350141,5641,417.8082141,3366,257,59,454,20,118,301,961,105
2010,MD,Maryland,6055802,39400,650.6157236,23358,1943,427,6372,298,1174,1817,3825,186
2011,MD,Maryland,6055802,37615,621.1398589,22395,1735,395,6557,299,960,1579,3503,192
2012,MD,Maryland,6055802,37801,624.2112936,23032,1663,344,6669,266,857,1369,3439,162
2013,MD,Maryland,6055802,24858,410.4823771,15382,926,259,4206,191,536,1041,2222,95
2014,MD,Maryland,6055802,32778,541.2660454,21306,1146,311,5167,227,605,1118,2728,170
2015,MD,Maryland,6055802,26415,436.1932573,16771,1111,243,4359,193,494,838,2296,110
2016,MD,Maryland,6055802,32487,536.4607363,20438,1665,358,5030,147,620,1026,2951,252
2017,MD,Maryland,6055802,29145,481.2739915,17586,1807,319,4807,140,513,1080,2732,161
2018,MD,Maryland,6055802,26388,435.7474039,15715,2041,310,3900,114,462,926,2579,341
2019,MD,Maryland,6055802,26466,437.0354249,16185,1948,227,3670,120,399,861,2774,282
2020,MD,Maryland,6055802,3150,52.01623171,1793,297,9,403,8,40,87,344,169
2010,MA,Massachusetts,6893574,27746,402.4907834,15390,786,138,4003,153,686,1455,3637,1498
2011,MA,Massachusetts,6893574,26584,385.6345054,15063,726,85,3912,127,628,1319,3340,1384
2012,MA,Massachusetts,6893574,26518,384.677092,15226,577,112,3614,151,605,1404,3321,1508
2013,MA,Massachusetts,6893574,26228,380.4702757,15710,564,124,3371,132,598,1498,2875,1356
2014,MA,Massachusetts,6893574,24839,360.3210758,15060,643,91,2924,148,543,1337,2880,1213
2015,MA,Massachusetts,6893574,21726,315.163078,13096,587,53,2397,133,516,1237,2597,1110
2016,MA,Massachusetts,6893574,21207,307.6343273,12345,671,83,2185,136,488,1298,2779,1222
2017,MA,Massachusetts,6893574,19706,285.860426,11036,623,89,2221,127,467,1313,2612,1218
2018,MA,Massachusetts,6893574,17247,250.1895243,9556,544,59,1919,113,448,1175,2454,979
2019,MA,Massachusetts,6893574,15550,225.5723954,8558,549,66,1702,86,457,1073,2154,905
2020,MA,Massachusetts,6893574,10638,154.3176297,4946,500,78,1307,46,254,615,2051,841
2010,MI,Michigan,9966555,49725,498.9186334,28372,2010,292,6432,968,804,5485,3535,1827
2011,MI,Michigan,9966555,47642,478.0187337,27485,1919,274,6398,946,716,4967,3290,1647
2012,MI,Michigan,9966555,45916,460.7008139,27437,1678,273,5629,892,561,4491,3263,1692
2013,MI,Michigan,9966555,43088,432.325914,25812,1540,257,4951,1028,606,4392,2874,1628
2014,MI,Michigan,9966555,39062,391.9308126,24114,1314,219,3910,946,544,4116,2393,1506
2015,MI,Michigan,9966555,35320,354.3852414,21482,1165,223,3161,890,529,3872,2488,1510
2016,MI,Michigan,9966555,37142,372.6663827,21902,1439,245,3349,1027,659,3985,2859,1677
2017,MI,Michigan,9966555,35348,354.666181,20106,1289,242,3221,1187,661,3988,2845,1809
2018,MI,Michigan,9966555,33994,341.0807446,18896,1213,208,3056,1171,708,3847,2898,1997
2019,MI,Michigan,9966555,33180,332.913429,18215,1268,220,2584,1157,702,3794,3030,2210
2020,MI,Michigan,9966555,23232,233.0996016,11269,1197,192,2374,655,502,2236,2673,2134
2010,MN,Minnesota,5657342,38125,673.9030449,24552,980,177,2833,39,1179,2721,3908,1736
2011,MN,Minnesota,5657342,37458,662.1130559,24268,977,167,2993,30,1081,2382,3886,1674
2012,MN,Minnesota,5657342,40099,708.795756,25761,1458,187,3219,33,1193,2312,4060,1876
2013,MN,Minnesota,5657342,36911,652.4442044,24895,1015,101,2638,25,984,2145,3213,1895
2014,MN,Minnesota,5657342,35704,631.1090968,24079,1086,83,2411,64,878,2286,3094,1723
2015,MN,Minnesota,5657342,37041,654.7421033,24604,1160,119,2246,40,992,2782,3360,1738
2016,MN,Minnesota,5657342,34443,608.8194774,22615,1298,93,2168,29,1019,2257,3197,1767
2017,MN,Minnesota,5657342,35793,632.6822738,22669,1523,97,2287,22,1420,2640,3113,2022
2018,MN,Minnesota,5657342,33208,586.9894378,20179,1610,99,2045,16,1092,3495,2690,1982
2019,MN,Minnesota,5657342,36647,647.777702,22381,1605,105,2071,26,1115,4627,2705,2012
2020,MN,Minnesota,5657342,28370,501.4722462,16054,1248,134,1981,51,930,3056,2533,2383
2010,MS,Mississippi,2966786,16473,555.2473283,8969,352,74,2525,497,662,1661,1071,662
2011,MS,Mississippi,2966786,15895,535.7649659,8635,402,95,2373,517,639,1551,936,747
2012,MS,Mississippi,2966786,14639,493.4295901,8189,363,50,1967,565,525,1365,906,709
2013,MS,Mississippi,2966786,12524,422.1403229,7857,280,76,1320,464,388,977,673,489
2014,MS,Mississippi,2966786,14519,489.384809,9001,309,72,1535,502,517,1171,767,645
2015,MS,Mississippi,2966786,12881,434.1735467,7690,338,45,1439,429,380,1120,731,709
2016,MS,Mississippi,2966786,12462,420.0505193,7146,353,55,1393,444,420,1069,839,743
2017,MS,Mississippi,2966786,12344,416.0731512,7345,375,44,1333,403,368,918,705,853
2018,MS,Mississippi,2966786,10399,350.5139906,6309,334,38,1048,298,314,757,589,712
2019,MS,Mississippi,2966786,10871,366.423463,6497,404,37,1137,340,335,801,638,682
2020,MS,Mississippi,2966786,6113,206.0478916,3484,297,24,743,177,129,369,386,504
2010,MO,Missouri,6151548,54423,884.7041428,33028,1494,306,6144,232,2010,2902,5453,2854
2011,MO,Missouri,6151548,53911,876.3810345,33089,1555,256,6430,255,1729,2631,5310,2656
2012,MO,Missouri,6151548,55435,901.1552864,35542,1696,284,5613,284,1714,2508,5128,2666
2013,MO,Missouri,6151548,51993,845.2018906,33393,1660,199,5129,299,1559,2605,4650,2499
2014,MO,Missouri,6151548,48703,791.7194176,31467,1769,184,4409,330,1431,2246,4232,2635
2015,MO,Missouri,6151548,45470,739.1635406,28407,1908,144,4223,323,1280,2252,4072,2861
2016,MO,Missouri,6151548,45837,745.1295186,27676,2348,210,4154,369,1351,2454,4080,3195
2017,MO,Missouri,6151548,42808,695.8898801,25662,2562,130,3952,302,1280,2015,3951,2954
2018,MO,Missouri,6151548,38702,629.1424532,22165,2470,216,3443,249,1437,2221,3596,2905
2019,MO,Missouri,6151548,34222,556.3152559,18801,2338,120,3114,238,945,2005,3168,3493
2020,MO,Missouri,6151548,28234,458.9739038,14575,1986,126,2707,205,765,1261,3542,3067
2010,MT,Montana,1080577,5707,528.1437602,3950,222,29,263,35,39,184,969,16
2011,MT,Montana,1080577,5465,505.7483178,3769,164,34,239,35,45,189,984,6
2012,MT,Montana,1080577,6073,562.0145533,4136,199,46,335,41,46,147,1095,28
2013,MT,Montana,1080577,6041,559.0531725,4227,206,14,317,39,61,217,927,33
2014,MT,Montana,1080577,6191,572.9346451,4381,227,37,280,40,62,271,857,36
2015,MT,Montana,1080577,6177,571.639041,4320,266,26,239,55,94,249,890,38
2016,MT,Montana,1080577,6317,584.5950821,4234,298,36,332,32,112,260,951,62
2017,MT,Montana,1080577,6448,596.7182348,4434,255,37,281,36,109,260,937,99
2018,MT,Montana,1080577,5881,544.2462684,3864,365,30,329,43,116,205,814,115
2019,MT,Montana,1080577,6220,575.6183965,4032,283,20,343,35,177,193,892,245
2020,MT,Montana,1080577,5514,510.2829322,3383,307,34,304,32,114,125,1025,190
2010,NE,Nebraska,1937552,15703,810.4556678,8796,358,78,869,54,500,1440,2814,794
2011,NE,Nebraska,1937552,16028,827.2294111,9737,366,89,918,75,306,1233,2606,698
2012,NE,Nebraska,1937552,16179,835.0227504,9613,369,87,860,77,335,1463,2591,784
2013,NE,Nebraska,1937552,14991,773.7082669,9123,332,65,769,82,392,1381,2188,659
2014,NE,Nebraska,1937552,15767,813.7588049,9708,354,53,732,94,332,1424,2367,703
2015,NE,Nebraska,1937552,8630,445.4074007,5295,250,48,406,28,179,845,1292,287
2016,NE,Nebraska,1937552,14871,767.5148848,9119,420,58,596,100,280,1407,2241,650
2017,NE,Nebraska,1937552,5543,286.0826445,3055,217,14,340,39,171,482,1008,217
2018,NE,Nebraska,1937552,13555,699.594127,7715,467,72,515,68,301,1372,2248,797
2019,NE,Nebraska,1937552,13006,671.2594036,7439,462,63,500,69,283,1242,2234,714
2020,NE,Nebraska,1937552,7649,394.7765015,4211,324,61,303,26,145,593,1449,537
2010,NV,Nevada,3138259,22513,717.3722755,12513,538,100,2521,408,880,1545,2514,1494
2011,NV,Nevada,3138259,20419,650.6473812,10895,505,376,2579,403,700,1354,2230,1377
2012,NV,Nevada,3138259,21981,700.4202011,11974,666,264,2970,436,760,1532,1894,1485
2013,NV,Nevada,3138259,19410,618.4957966,10380,744,138,2668,393,727,1416,1586,1358
2014,NV,Nevada,3138259,18863,601.0657502,9987,851,65,2736,344,626,1513,1500,1241
2015,NV,Nevada,3138259,18066,575.6695034,8936,805,57,2677,338,619,1639,1472,1523
2016,NV,Nevada,3138259,16095,512.8639797,6983,900,53,2519,331,607,1635,1483,1584
2017,NV,Nevada,3138259,16449,524.1441194,6538,880,60,3168,237,539,1632,1600,1795
2018,NV,Nevada,3138259,16347,520.8939096,6341,753,79,3130,289,431,1827,1638,1859
2019,NV,Nevada,3138259,17233,549.1261238,6492,699,76,3276,362,501,2084,1860,1883
2020,NV,Nevada,3138259,14004,446.2346798,5284,574,100,2148,242,409,1399,2026,1822
2010,NH,New Hampshire,1366275,7689,562.771038,3902,70,39,598,40,226,796,1308,710
2011,NH,New Hampshire,1366275,7714,564.6008307,3919,86,42,580,51,225,791,1282,738
2012,NH,New Hampshire,1366275,7800,570.8953176,3950,95,51,592,40,218,815,1286,753
2013,NH,New Hampshire,1366275,8530,624.3252639,4674,85,33,479,54,281,925,1255,744
2014,NH,New Hampshire,1366275,8360,611.8826737,4625,86,35,432,109,235,918,1184,736
2015,NH,New Hampshire,1366275,7658,560.5020951,4208,107,20,411,137,273,876,1039,587
2016,NH,New Hampshire,1366275,6961,509.4874751,3503,113,31,348,130,239,852,1188,557
2017,NH,New Hampshire,1366275,7032,514.6840863,3309,167,30,378,136,326,876,1274,536
2018,NH,New Hampshire,1366275,6695,490.0184809,3206,166,23,326,103,247,783,1275,566
2019,NH,New Hampshire,1366275,6225,455.6183784,3065,154,15,249,83,244,750,1185,480
2020,NH,New Hampshire,1366275,4787,350.3687032,2325,143,22,234,62,165,456,1010,370
2010,NJ,New Jersey,8882371,47826,538.4373159,26635,642,280,5951,169,1681,3798,5488,3182
2011,NJ,New Jersey,8882371,47653,536.4896377,26191,688,263,6584,211,1839,3323,5227,3327
2012,NJ,New Jersey,8882371,46114,519.1631829,25628,676,239,6547,204,1731,3113,4645,3331
2013,NJ,New Jersey,8882371,42678,480.4798178,24657,666,218,5572,271,1255,2956,3986,3097
2014,NJ,New Jersey,8882371,43727,492.2897276,24853,542,213,5097,331,1159,4933,3835,2764
2015,NJ,New Jersey,8882371,38370,431.9792542,22462,635,164,4260,291,1021,3559,3739,2239
2016,NJ,New Jersey,8882371,38907,438.0249373,21975,499,181,4356,322,1051,3903,3896,2724
2017,NJ,New Jersey,8882371,36214,407.7064559,20691,497,135,4055,273,1034,3536,3365,2628
2018,NJ,New Jersey,8882371,32156,362.020456,17766,589,144,3338,248,924,3752,2975,2420
2019,NJ,New Jersey,8882371,32903,370.4303727,18210,649,121,3310,212,950,3890,3073,2488
2020,NJ,New Jersey,8882371,24044,270.6934894,12600,589,159,2783,107,580,1939,2833,2454
2010,NM,New Mexico,2106319,15437,732.8899374,10179,387,164,1636,207,296,615,1368,585
2011,NM,New Mexico,2106319,16195,768.876889,10805,408,214,1839,231,222,573,1285,618
2012,NM,New Mexico,2106319,15417,731.9404136,10377,357,255,1733,194,216,469,1133,683
2013,NM,New Mexico,2106319,14485,687.692605,9583,321,646,1400,188,187,401,1032,727
2014,NM,New Mexico,2106319,12753,605.4638447,8461,287,43,1375,166,198,553,906,764
2015,NM,New Mexico,2106319,15161,719.7865091,9907,404,334,1159,177,266,557,1261,1096
2016,NM,New Mexico,2106319,15565,738.9668896,9213,502,643,1043,261,270,705,1318,1610
2017,NM,New Mexico,2106319,7187,341.211374,3942,183,14,681,74,154,244,684,1211
2018,NM,New Mexico,2106319,10541,500.4465136,6244,379,43,958,128,191,445,1094,1059
2019,NM,New Mexico,2106319,8715,413.7549915,4939,285,43,776,131,142,372,1266,761
2020,NM,New Mexico,2106319,6336,300.8091367,3424,229,27,530,61,38,116,1285,626
2010,NY,New York,19336776,86739,448.5701236,45462,2051,326,8256,103,2742,6487,16304,5008
2011,NY,New York,19336776,81064,419.2219013,43966,1607,238,7391,116,2446,5745,14778,4777
2012,NY,New York,19336776,95913,496.0133995,51088,2124,374,9180,97,3571,6062,17728,5689
2013,NY,New York,19336776,88535,457.8581248,49931,1795,335,7953,90,3014,5526,15211,4680
2014,NY,New York,19336776,82417,426.2189312,46678,1755,293,7058,49,2643,5236,14594,4111
2015,NY,New York,19336776,79889,413.1453971,44925,1804,280,6387,74,2780,5035,14871,3733
2016,NY,New York,19336776,76472,395.4744059,42499,1856,242,5942,64,2850,4476,15019,3524
2017,NY,New York,19336776,70330,363.7110964,38337,1793,297,5414,48,2676,4335,14111,3319
2018,NY,New York,19336776,63707,329.4602989,35341,1820,272,4446,28,2118,4015,12806,2861
2019,NY,New York,19336776,58327,301.637667,32848,1770,220,3929,20,1755,3530,11997,2258
2020,NY,New York,19336776,45600,235.8200767,23942,1801,214,4194,20,1350,1516,10232,2331
2010,NC,North Carolina,10600823,93455,881.582496,43788,1180,369,15196,1473,2064,17435,7407,4543
2011,NC,North Carolina,10600823,107095,1010.251751,52358,1430,422,17331,1472,2359,18242,8696,4785
2012,NC,North Carolina,10600823,102085,962.9912696,52572,1294,378,15983,1403,2147,15608,8046,4654
2013,NC,North Carolina,10600823,90089,849.8302443,46788,1137,317,14172,1291,2114,13753,6583,3934
2014,NC,North Carolina,10600823,86968,820.3891339,46549,1099,275,12674,1277,1845,12783,6624,3842
2015,NC,North Carolina,10600823,75426,711.510795,40423,1032,237,10627,1257,1630,10783,5692,3745
2016,NC,North Carolina,10600823,73045,689.0502747,38468,1156,248,10719,1336,1647,10067,5474,3930
2017,NC,North Carolina,10600823,62238,587.1053596,31027,1338,225,9487,1350,1624,8433,4814,3940
2018,NC,North Carolina,10600823,61420,579.3889776,31765,1663,208,8985,1204,1419,7283,4697,4196
2019,NC,North Carolina,10600823,41963,395.8466244,23345,1103,217,5821,773,835,3462,2865,3542
2020,NC,North Carolina,10600823,35786,337.5775636,18568,1280,245,5757,633,647,2626,2581,3449
2010,ND,North Dakota,765309,4186,546.9686101,2485,138,10,248,35,77,561,485,147
2011,ND,North Dakota,765309,4093,534.8166558,2608,109,13,216,43,68,425,471,140
2012,ND,North Dakota,765309,4390,573.6245098,2766,160,19,230,46,62,442,526,139
2013,ND,North Dakota,765309,4123,538.736641,2605,161,16,230,38,76,390,464,143
2014,ND,North Dakota,765309,4369,570.8805202,2729,198,15,234,62,104,431,440,156
2015,ND,North Dakota,765309,5048,659.6028532,3185,229,19,310,49,129,336,503,288
2016,ND,North Dakota,765309,5238,684.4294265,3014,277,172,335,60,132,366,533,349
2017,ND,North Dakota,765309,5250,685.9974206,3147,290,18,353,56,161,428,484,313
2018,ND,North Dakota,765309,4425,578.197826,2661,216,9,260,35,146,374,446,278
2019,ND,North Dakota,765309,4750,620.664333,2653,236,21,312,52,162,504,506,304
2020,ND,North Dakota,765309,4493,587.0831259,2244,305,19,363,36,164,542,477,343
2010,OH,Ohio,11693217,53157,454.596883,32131,950,230,6933,38,1564,3002,4728,3581
2011,OH,Ohio,11693217,51851,443.4280147,31568,933,249,6876,19,1166,2658,4681,3701
2012,OH,Ohio,11693217,51032,436.4239542,32220,758,174,6405,14,1110,2357,4314,3680
2013,OH,Ohio,11693217,47938,409.9641698,31065,731,230,5194,39,1178,2482,3836,3183
2014,OH,Ohio,11693217,50555,432.3446661,33673,764,202,4894,52,1138,2555,3915,3362
2015,OH,Ohio,11693217,47968,410.2207288,32494,796,214,4270,25,1069,2308,3557,3235
2016,OH,Ohio,11693217,46987,401.8312497,30989,717,275,4068,21,1067,2338,3777,3735
2017,OH,Ohio,11693217,48333,413.3421966,31652,978,295,4580,22,1007,2362,4141,3296
2018,OH,Ohio,11693217,44094,377.0904106,28816,972,283,3926,18,879,2287,3949,2964
2019,OH,Ohio,11693217,41111,351.5798946,27139,923,258,3769,22,549,1984,3881,2586
2020,OH,Ohio,11693217,25819,220.8032229,15996,763,111,2844,2,244,1201,2924,1734
2010,OK,Oklahoma,3980783,25862,649.6711828,14899,442,255,3027,487,796,2281,1434,2241
2011,OK,Oklahoma,3980783,24767,622.1640315,14802,529,183,2815,446,731,1903,1255,2103
2012,OK,Oklahoma,3980783,24253,609.2519989,14504,513,195,2582,409,626,1722,1314,2388
2013,OK,Oklahoma,3980783,25323,636.131133,15618,527,226,2383,438,620,1674,1250,2587
2014,OK,Oklahoma,3980783,25656,644.4963215,16196,590,162,2344,486,553,1622,1170,2533
2015,OK,Oklahoma,3980783,24978,627.4644963,15638,576,145,2137,499,594,1670,1327,2392
2016,OK,Oklahoma,3980783,22924,575.8666071,13144,649,215,2123,389,691,1660,1240,2813
2017,OK,Oklahoma,3980783,21185,532.1817341,11274,730,148,2311,410,617,1509,1280,2906
2018,OK,Oklahoma,3980783,21581,542.1295258,11484,889,175,2453,364,557,1367,1253,3039
2019,OK,Oklahoma,3980783,21839,548.6106628,11658,1365,183,2461,409,520,1183,1414,2646
2020,OK,Oklahoma,3980783,18919,475.2582595,9373,1513,183,2298,308,393,1046,1671,2134
2010,OR,Oregon,4241507,33567,791.3932477,21638,1289,276,2627,59,803,1727,4777,371
2011,OR,Oregon,4241507,32376,763.3136053,20765,1231,264,2578,34,771,1664,4660,409
2012,OR,Oregon,4241507,34045,802.6628272,22316,1447,260,2624,38,754,1802,4285,519
2013,OR,Oregon,4241507,13733,323.7764313,8245,603,106,1024,19,347,929,2161,299
2014,OR,Oregon,4241507,21995,518.565689,14290,1003,139,1415,27,377,1618,2745,381
2015,OR,Oregon,4241507,21313,502.4864983,13245,1070,169,1554,30,404,1463,2932,446
2016,OR,Oregon,4241507,28224,665.4238694,17257,1569,228,1816,45,609,1892,4208,600
2017,OR,Oregon,4241507,25916,611.0092474,14707,2001,225,1529,51,686,1996,4095,626
2018,OR,Oregon,4241507,28067,661.7223548,15958,2112,301,1981,73,722,2190,4054,676
2019,OR,Oregon,4241507,29159,687.4679212,16812,2181,314,2039,99,752,2295,4047,620
2020,OR,Oregon,4241507,22987,541.9536028,12161,1968,423,2152,58,487,1303,3837,598
2010,PA,Pennsylvania,12783254,83477,653.0183942,46700,2618,661,9518,403,2728,7488,10538,2823
2011,PA,Pennsylvania,12783254,86265,674.8281776,49265,2676,575,10290,451,2793,7118,10015,3082
2012,PA,Pennsylvania,12783254,87453,684.1215859,51354,2604,581,10267,448,2584,7144,9661,2810
2013,PA,Pennsylvania,12783254,86112,673.6312992,51875,2405,480,9822,474,2627,7180,8585,2664
2014,PA,Pennsylvania,12783254,83405,652.4551573,51703,2375,482,8151,455,2288,7594,7850,2507
2015,PA,Pennsylvania,12783254,79604,622.7209441,48171,2338,471,7256,442,2477,8364,7601,2484
2016,PA,Pennsylvania,12783254,75012,586.7989481,44378,2454,434,6610,495,2409,8396,7336,2500
2017,PA,Pennsylvania,12783254,71258,557.4324034,41903,2435,362,6168,479,2428,7800,7261,2422
2018,PA,Pennsylvania,12783254,64285,502.8844768,36625,2519,344,5252,447,2267,8277,6323,2231
2019,PA,Pennsylvania,12783254,24147,188.895566,14140,627,130,1827,172,1002,2592,2764,893
2020,PA,Pennsylvania,12783254,447,3.496762248,289,12,1,31,1,24,32,34,23
2010,RI,Rhode Island,1057125,6381,603.6183044,2780,153,52,843,110,144,590,1311,398
2011,RI,Rhode Island,1057125,6245,590.7532222,2868,117,46,877,111,101,551,1235,339
2012,RI,Rhode Island,1057125,5947,562.5635568,2753,124,30,726,115,120,556,1108,415
2013,RI,Rhode Island,1057125,5638,533.3333333,2706,132,44,712,101,120,498,953,372
2014,RI,Rhode Island,1057125,5343,505.4274565,2549,118,49,644,120,104,509,937,313
2015,RI,Rhode Island,1057125,4675,442.2372,2115,116,29,489,91,101,436,988,310
2016,RI,Rhode Island,1057125,5046,477.3323874,2124,127,36,596,87,111,587,1037,341
2017,RI,Rhode Island,1057125,4775,451.6968192,1939,157,31,585,110,97,491,1039,326
2018,RI,Rhode Island,1057125,4687,443.3723543,1997,158,12,497,75,124,554,918,352
2019,RI,Rhode Island,1057125,4583,433.5343502,1842,141,45,485,108,160,592,934,276
2020,RI,Rhode Island,1057125,3222,304.7889322,1178,154,34,386,46,93,227,837,267
2010,SC,South Carolina,5218040,42378,812.1440234,21338,884,141,4678,414,1767,7592,3462,2102
2011,SC,South Carolina,5218040,41713,799.3997746,22817,849,161,4815,405,1640,5312,3567,2147
2012,SC,South Carolina,5218040,43556,834.7195499,24872,850,172,5220,337,1849,5004,3052,2200
2013,SC,South Carolina,5218040,42862,821.4195368,25487,736,144,4528,365,1523,4762,3051,2266
2014,SC,South Carolina,5218040,41212,789.7984684,24884,846,134,4006,406,1476,4302,3080,2078
2015,SC,South Carolina,5218040,37419,717.1083395,22521,839,118,3533,397,1313,3696,3047,1955
2016,SC,South Carolina,5218040,35758,685.276464,20929,992,126,3498,359,1187,3643,2927,2097
2017,SC,South Carolina,5218040,37611,720.787882,21608,1147,122,3686,419,1360,3943,3018,2308
2018,SC,South Carolina,5218040,35696,684.0882784,20299,1204,151,3460,360,1226,3630,2789,2577
2019,SC,South Carolina,5218040,35456,679.4888502,20236,1195,127,3278,439,1226,3533,2955,2467
2020,SC,South Carolina,5218040,30443,583.418295,17226,1159,132,2856,227,855,2525,2889,2574
2010,SD,South Dakota,892717,4917,550.7904521,2994,115,12,384,32,110,613,558,99
2011,SD,South Dakota,892717,5060,566.8089663,3084,131,30,380,29,120,583,622,81
2012,SD,South Dakota,892717,5360,600.414241,3295,153,30,389,52,75,679,581,106
2013,SD,South Dakota,892717,4753,532.4195686,2765,163,20,360,29,97,697,520,102
2014,SD,South Dakota,892717,4973,557.0634367,3186,135,27,318,34,75,636,470,92
2015,SD,South Dakota,892717,5114,572.8579158,3126,211,27,286,34,69,730,519,112
2016,SD,South Dakota,892717,5278,591.2287993,3015,306,17,381,41,107,712,510,189
2017,SD,South Dakota,892717,5016,561.8801927,2516,315,15,443,38,104,732,628,225
2018,SD,South Dakota,892717,4548,509.4559642,2355,203,23,299,31,127,816,541,153
2019,SD,South Dakota,892717,4370,489.5168346,2102,279,15,287,24,163,779,543,178
2020,SD,South Dakota,892717,3858,432.1638324,1659,385,26,302,18,126,581,498,263
2010,TN,Tennessee,6886834,63817,926.6522178,34951,2219,270,7979,762,2533,9264,5013,826
2011,TN,Tennessee,6886834,65150,946.0079915,36033,2307,249,8436,769,2386,9268,4942,760
2012,TN,Tennessee,6886834,64087,930.5727421,36687,2266,233,7485,795,2249,8800,4813,759
2013,TN,Tennessee,6886834,60418,877.2971731,36796,1946,198,6579,737,1891,7247,4320,704
2014,TN,Tennessee,6886834,59800,868.3235286,36632,2166,241,6081,766,1718,6735,4712,749
2015,TN,Tennessee,6886834,58443,848.6192639,35692,2315,140,5520,822,1908,6222,5005,819
2016,TN,Tennessee,6886834,54667,793.7900057,31431,2801,192,5547,758,2018,6104,4729,1087
2017,TN,Tennessee,6886834,54153,786.3264891,30420,3552,192,5473,688,1893,5642,4769,1524
2018,TN,Tennessee,6886834,54586,792.6138484,31598,3974,148,4776,751,1836,5476,4378,1649
2019,TN,Tennessee,6886834,52017,755.3107858,28934,4114,161,4837,812,2069,5111,4421,1558
2020,TN,Tennessee,6886834,43523,631.9739956,23533,3943,151,4332,459,1425,3770,4089,1821
2010,TX,Texas,29360759,174648,594.8347589,115252,4662,568,19518,522,6965,13043,13209,909
2011,TX,Texas,29360759,166017,565.4383798,111097,3979,628,18550,522,6336,12002,12010,893
2012,TX,Texas,29360759,162266,552.6628246,111333,4141,557,17550,447,5729,10570,11070,869
2013,TX,Texas,29360759,154438,526.0013885,108557,4189,493,15758,440,5330,9126,9703,842
2014,TX,Texas,29360759,153838,523.9578446,109718,4690,530,14878,525,5027,8174,9212,1084
2015,TX,Texas,29360759,139955,476.6736446,98929,5581,461,13056,661,4882,6908,8521,956
2016,TX,Texas,29360759,119015,405.3539624,78647,5892,413,12415,925,4771,6650,8233,1069
2017,TX,Texas,29360759,103945,354.0269514,66176,5479,488,11260,812,4687,6456,7650,937
2018,TX,Texas,29360759,99053,337.3652568,63378,5404,431,9557,456,4596,6706,7627,898
2019,TX,Texas,29360759,92623,315.465278,58115,5459,453,8904,345,4081,7095,7370,801
2020,TX,Texas,29360759,70882,241.4174647,41496,5847,453,7952,214,2706,4964,6383,867
2010,UT,Utah,3249879,28001,861.6013088,18990,328,81,1418,20,964,1096,4325,779
2011,UT,Utah,3249879,26401,812.3687067,18187,382,68,1470,41,875,936,3600,842
2012,UT,Utah,3249879,25836,794.983444,17753,410,83,1328,26,771,832,3751,882
2013,UT,Utah,3249879,24968,768.2747573,17230,378,65,1142,26,758,1009,3280,1080
2014,UT,Utah,3249879,25628,788.5832057,18001,420,88,1132,31,754,1155,3031,1016
2015,UT,Utah,3249879,25471,783.7522566,17888,462,70,1185,35,734,1089,2914,1094
2016,UT,Utah,3249879,22488,691.9642239,15437,443,74,1005,21,709,948,2780,1071
2017,UT,Utah,3249879,22611,695.7489802,14903,552,69,1039,34,845,1060,2809,1300
2018,UT,Utah,3249879,21160,651.1011641,13672,555,62,951,37,747,1065,3016,1055
2019,UT,Utah,3249879,20161,620.3615581,13214,411,85,891,48,645,894,2988,985
2020,UT,Utah,3249879,16520,508.3266177,10058,438,72,788,35,493,706,2778,1152
2010,VT,Vermont,623347,2815,451.5943768,1452,97,21,330,42,64,259,415,135
2011,VT,Vermont,623347,3059,490.7379036,1480,120,17,383,57,69,307,455,171
2012,VT,Vermont,623347,3266,523.9457317,1687,93,28,388,62,72,302,456,178
2013,VT,Vermont,623347,3073,492.9838437,1711,68,29,300,54,64,286,359,202
2014,VT,Vermont,623347,2241,359.5108343,1280,32,15,216,48,39,217,280,114
2015,VT,Vermont,623347,2331,373.9490204,1350,34,10,215,63,39,208,309,103
2016,VT,Vermont,623347,2315,371.3822317,1316,29,10,241,70,33,188,315,113
2017,VT,Vermont,623347,2658,426.4077633,1436,33,18,294,49,63,268,394,103
2018,VT,Vermont,623347,2543,407.9589699,1385,55,21,228,57,52,321,328,96
2019,VT,Vermont,623347,2946,472.6099588,1647,76,14,255,60,48,324,428,94
2020,VT,Vermont,623347,1967,315.5545787,995,61,29,202,36,39,179,348,78
2010,VA,Virginia,8590563,55027,640.551731,31409,1067,272,4637,1676,2365,7656,4919,1026
2011,VA,Virginia,8590563,55762,649.1076312,32960,1025,286,4806,1639,2234,6850,4936,1026
2012,VA,Virginia,8590563,53773,625.9543175,32075,851,316,4634,1530,2339,6543,4530,955
2013,VA,Virginia,8590563,52995,616.897868,32612,885,207,4136,1537,2046,6282,4299,991
2014,VA,Virginia,8590563,50076,582.9187214,31241,825,215,3533,1628,1898,5835,4013,888
2015,VA,Virginia,8590563,49133,571.9415596,31052,871,189,3213,1489,1865,5476,4114,864
2016,VA,Virginia,8590563,45273,527.0085325,27094,1034,153,3071,1430,1966,5339,4238,948
2017,VA,Virginia,8590563,42763,497.7904242,24820,1118,203,2905,1520,1854,5332,3951,1060
2018,VA,Virginia,8590563,40323,469.3871636,23800,1223,200,2410,1318,1610,5064,3596,1102
2019,VA,Virginia,8590563,38815,451.8330172,23802,1030,165,2110,1166,1503,4872,3231,936
2020,VA,Virginia,8590563,30219,351.7697269,17751,1058,149,1757,790,1013,3674,3234,793
2010,WA,Washington,7693612,43489,565.2611543,25901,1237,223,5065,85,1239,955,6294,2490
2011,WA,Washington,7693612,36411,473.2627536,22236,892,211,4192,58,1003,792,4931,2096
2012,WA,Washington,7693612,42518,552.6402943,26730,1023,205,4827,57,1155,901,5009,2611
2013,WA,Washington,7693612,46913,609.7656081,29477,1235,175,5235,78,1005,931,5635,3142
2014,WA,Washington,7693612,46638,606.1912142,29495,1257,211,5016,66,1006,995,5142,3450
2015,WA,Washington,7693612,44234,574.9445124,27498,1386,188,4912,58,843,942,5250,3157
2016,WA,Washington,7693612,40696,528.9583098,23824,1516,160,4866,62,887,1008,5009,3364
2017,WA,Washington,7693612,38944,506.1861711,21545,1639,173,4774,52,894,1086,5266,3515
2018,WA,Washington,7693612,37527,487.768294,20701,1604,180,4545,61,747,1210,5033,3446
2019,WA,Washington,7693612,36000,467.9206594,20382,1285,187,4106,39,734,1299,4801,3167
2020,WA,Washington,7693612,31340,407.3509296,15816,1390,236,4540,23,467,913,4904,3051
2010,WV,West Virginia,1784787,8846,495.6333725,5004,203,59,933,145,467,827,856,352
2011,WV,West Virginia,1784787,9332,522.8635126,5336,254,42,1026,149,442,800,938,345
2012,WV,West Virginia,1784787,11269,631.3918692,6991,267,53,1118,168,458,825,978,411
2013,WV,West Virginia,1784787,9517,533.2288951,6032,184,34,955,156,334,720,735,367
2014,WV,West Virginia,1784787,9629,539.5041537,6463,218,27,808,161,320,613,705,314
2015,WV,West Virginia,1784787,10329,578.7245201,6701,241,45,862,170,357,689,861,403
2016,WV,West Virginia,1784787,9394,526.3373164,5951,282,43,919,110,377,597,693,422
2017,WV,West Virginia,1784787,8159,457.1413844,4728,311,41,851,128,319,565,719,497
2018,WV,West Virginia,1784787,6486,363.4047088,4015,229,28,592,63,255,328,584,392
2019,WV,West Virginia,1784787,5402,302.66917,3424,205,26,506,41,198,260,439,303
2020,WV,West Virginia,1784787,4609,258.2380979,2696,201,31,563,18,160,209,432,299
2010,WI,Wisconsin,5832655,49488,848.4643786,29303,988,158,4119,192,1052,3905,8281,1490
2011,WI,Wisconsin,5832655,51228,878.296419,30767,1053,156,4230,176,1167,3748,8409,1522
2012,WI,Wisconsin,5832655,55584,952.9793893,34151,1119,178,4267,206,1216,3860,8811,1776
2013,WI,Wisconsin,5832655,50745,870.0154561,31926,1067,211,3822,260,1006,3801,7144,1508
2014,WI,Wisconsin,5832655,50454,865.0263045,32907,1173,144,3205,260,1001,3105,7121,1538
2015,WI,Wisconsin,5832655,44022,754.7506239,27564,1177,135,2852,286,973,2919,6523,1593
2016,WI,Wisconsin,5832655,44205,757.8881316,27737,1316,133,2820,292,1055,2696,6578,1578
2017,WI,Wisconsin,5832655,41639,713.8944443,25535,1385,198,2673,330,1014,2706,6311,1487
2018,WI,Wisconsin,5832655,36385,623.815398,22402,1449,135,2119,379,920,2258,5585,1138
2019,WI,Wisconsin,5832655,34592,593.0746804,21392,1343,131,1780,356,951,2094,5504,1041
2020,WI,Wisconsin,5832655,27736,475.529583,16238,1236,138,1697,298,602,1625,4873,1029
2010,WY,Wyoming,582328,3965,680.8877471,2418,84,19,350,4,74,200,748,68
2011,WY,Wyoming,582328,3736,641.5628306,2369,94,31,241,3,84,196,662,56
2012,WY,Wyoming,582328,3405,584.7220123,2121,86,36,266,3,51,183,605,54
2013,WY,Wyoming,582328,3942,676.938083,2684,107,30,231,8,58,200,560,64
2014,WY,Wyoming,582328,3616,620.9558874,2418,84,43,225,12,46,168,554,66
2015,WY,Wyoming,582328,3566,612.3696611,2354,97,61,237,10,57,170,527,53
2016,WY,Wyoming,582328,3416,586.6109821,2194,109,48,233,12,49,197,531,43
2017,WY,Wyoming,582328,3192,548.1446882,1995,130,38,217,18,49,158,493,94
2018,WY,Wyoming,582328,2876,493.8797379,1818,128,19,243,6,36,127,419,80
2019,WY,Wyoming,582328,2586,444.0796252,1562,104,27,229,1,29,112,467,55
2020,WY,Wyoming,582328,2688,461.5955269,1640,149,18,211,2,19,97,502,50
